USE Hotel_orig
GO

INSERT RoomTypes (TypeName, Area, DayCost, Fridge, Balcony, BathType) VALUES
	(N'Стандарт Lite', 24, 2900, 0, 0, N'Кабина'),
	(N'Стандарт Full', 24, 3900, 1, 0, N'Кабина'),
	(N'Полулюкс', 49, 5900, 1, 0, N'Ванна'),
	(N'Люкс 1 комн.', 49, 6900, 1, 1, N'Джакузи'),
	(N'Люкс 2 комн.', 49, 6900, 1, 1, N'Джакузи')

INSERT Rooms (RoomID, TypeID, Side, BedType, NearLift) VALUES
	(1, 1, 'Река', '2 одн', 0),
	(2, 2, 'Река', '1 дв', 0),
	(3, 3, 'Река', '2 одн', 0),
	(4, 4, 'Река', '1 дв', 1),
	(5, 5, 'Река', '2 одн', 1);

INSERT RoomServices (RoomServiceName, TypeID, RoomServiceCost) VALUES
	(N'Доп. место', 4, 1000),
	(N'Доп. место', 5, 1000),
	(N'Завтрак в номер', 5, 300),
	(N'С питомцем', 3, 400),
	(N'С питомцем', 4, 500),
	(N'С питомцем', 5, 500)

INSERT Clients (ClientName, keyClientsDem, Gender, Contact, Region, BirthDate, Car) VALUES
	(N'Ирской Ростислав Артурович',1, 0, N'+79626153626', N'Энгельс', '1979-12-17', 1),
	(N'Левицкая Маргарита Романовна',3, 1, N'+79270511990', N'Саратов', '2002-07-29', 0),
	(N'Лисовский Марк Алексеевич',4, 0, N'+79271122345', N'Пенза', '2001-09-04', NULL),
	(N'Ваховски Сергей Вадимович',1, 0, N'+79173254678', N'Дубна', '1994-09-30', 1),
	(N'Ясногородская Анна Александровна',2, 1, N'+79271122370', N'Саратов', '1988-06-28', 1),
	(N'Терентьев Михаил Валентинович',5, 0, N'+79053412559', N'Екатеринбург', '1999-11-27', 0),
	(N'Островская Екатерина Борисовна',3, 1, N'+79603588889', NULL, '1992-10-25', NULL),
	(N'Шинкова Лилия Сергеевна',2, 1, N'+79033818777', N'Петровск', '1990-02-14', 0),
	(N'Перезвонов Алексей Валерьевич',4, 0, N'+79853490123', N'Пенза', '1987-12-26', 1),
	(N'Тарапат Елена Николаевна',3, 1, N'+79042422558', N'Воронеж', '1999-02-14', 1)

INSERT Payment_option
	(_Option)
VALUES
	('Mastercard'),
	('VISA'),
	('Maestro'),
	('QIWI'),
	('PayPal'),
	('AmazonPay'),
	('QIWI'),
	('WebMoney');

INSERT Booking (ClientID, RoomID, GuestsNum, Arrival, Departure) VALUES
	(1, 2, 3, '2022-07-06 12:00:00', '2022-11-06 10:00:00'),
	(2, 2, 2, '2022-19-06 12:00:00', '2022-20-06 13:00:00'),
	(7, 3, 2, '2022-11-06 12:00:00', '2022-20-06 10:00:00'),
	(3, 5, 2, '2022-19-06 12:00:00', '2022-22-06 10:00:00'),
	(8, 1, 2, '2022-08-06 12:00:00', '2022-15-06 10:00:00'),
	(4, 4, 2, '2022-08-06 20:00:00', '2022-09-06 14:00:00'),
	(9, 4, 1, '2022-12-06 12:00:00', '2022-16-06 10:00:00'),
	(5, 2, 1, '2022-10-06 12:00:00', '2022-17-06 10:00:00'),
	(10, 3, 2, '2022-11-06 12:00:00', '2022-14-06 10:00:00')

INSERT Accommodation (BookingID, Arrival, Departure, LivingTime, PaymentType, TotalCost, keyAccommodationAlt, keyGeography, numberOfResidents, quantity, personalDiscount, TAX) VALUES
	(1, 20220706, 20221106, 4, 1, 10000, '39355549216686399122', 2, 3, 1, 12, 13),
	(2, 20221906, 20222006, 2, 3, 5555, '14922564796998671361', 1, 2, 3, 5, 13),
	(3, 20221106, 20222006, 9, 5, 7777, '83979598898491923339', 5, 1, 1, 10, 13),
	(4, 20221906, 20222206, 3, 2, 12750, '92857751993999989938', 2, 2, 6, 2, 13),
	(5, 20220806, 20221406, 7, 6, 11000, '36589598767279297314', 4, 4, 1, 12, 13),
	(6, 20220806, 20220906, 1, 2, 22250, '319679134147577859447', 3, 3, 2, 7, 13),
	(7, 20221206, 20221606, 4, 4, 17500, '59873312198522215183', 1, 2, 4, 8, 13),
	(8, 20221006, 20221706, 7, 4, 35000, '26566684259392985129', 5, 3, 2, 5, 13),
	(9, 20221106, 20221406, 3, 5, 65200, '99547927999892355998', 4, 2, 4, 15, 13)

INSERT Cleaners (CleanerName) VALUES
	(N'Александра'),
	(N'Марина'),
	(N'Виктория'),
	(N'Анатолий'),
	(N'Константин')

INSERT Cleaning (CleanerID, LivingID, Date_Time) VALUES
	(3, 1, '2022-06-08 11:00:00'),
	(4, 1, '2022-06-09 12:00:00'),
	(2, 5, '2022-06-09 11:00:00'),
	(2, 1, '2022-06-09 14:30:00'),
	(4, 1, '2022-06-09 21:15:00')

INSERT MainServices (ServiceName, ServiceCost) VALUES
	(N'Поздний выезд', 600),
	(N'Аренда беседки на день', 1000),
	(N'Аренда беседки на 3 часа', 300),
	(N'Детское доп. место (до 3 лет)', 800),
	(N'Детское доп. место (до 7 лет)', 1000),
	(N'Доп. уборка Lite', 200),
	(N'Доп. уборка Full', 700),
	(N'Доп. уборка Hard', 1100),
	(N'Аренда отпаривателя', 150),
	(N'Набор чая', 400)
-- Набор чая трёх видов по 50 гр плюс заварочный чайник

INSERT OrderedServices (LivingID, ServiceID, Date_Time) VALUES
	(1, 4, '2022-06-06 10:00:00'),
	(1, 7, '2022-06-06 10:00:00'),
	(6, 10, '2022-06-06 10:00:00'),
	(6, 1, '2022-06-06 10:00:00'),
	(5, 10, '2022-06-06 10:00:00')

INSERT Parking (PlaceID, LivingID, CarNum) VALUES
	(20, 1, N'а613ве 164'),
	(1, 6, N'х777хх 197'),
	(12, 7, N'м321рк 58'),
	(21, 8, N'у112ес 64'),
	(11, 9, N'а555аа 36')

SELECT * FROM RoomTypes
SELECT * FROM Rooms
SELECT * FROM RoomServices
SELECT * FROM Clients
SELECT * FROM Booking
SELECT * FROM Accommodation
SELECT * FROM Cleaners
SELECT * FROM Cleaning
SELECT * FROM MainServices
SELECT * FROM OrderedServices
SELECT * FROM Parking

-- DELETE FROM Booking